题目代码,行号
DTC1.1,37
DTC2.2,10
DTWC1,28
DTWC2,40
FMC1.1,5
FMC2.2,17
FMWC1,32
FMWC2,4
HQC1.1,42
HQC2.2,35
HQWC1,11
HQWC2,50
HSC1.1,7
HSC2.2,33
HSWC1,20
HSWC2,9
JGC1.1,45
JGC2.2,15
JGWC1.1,21
JGWC2.2,24
KJC1.1.1,22
KJC1.1.2,51
KJC2.2.1,3
KJC2.2.2,41
KJWC1.1,30
KJWC1.2,23
PPC1.1,49
PPC2.2,14
PPWC1,44
PPWC2,48
SKC1.1,27
SKC2.2,47
SKWC1,25
SKWC2,2
SSC1.1,6
SSC2.2,13
SSWC1,16
SSWC2,18
XNC1.1,36
XNC2.2,43
XNWC1,12
XNWC2,26
XXC1.1,31
XXC1.2,34
XXC2.1,46
XXC2.2,19
XXWC1.1,39
XXWC1.2,8
XXWC2.1,38
XXWC2.2,29
